Url,Video Id
https://www.youtube.com/watch?v=FvQ8ieRAySY,FvQ8ieRAySY
https://www.youtube.com/watch?v=j5BnpaiMvO4,j5BnpaiMvO4
https://www.youtube.com/watch?v=P_dfc0iqmig,P_dfc0iqmig
https://www.youtube.com/watch?v=uYPbbksJxIg,uYPbbksJxIg
https://www.youtube.com/watch?v=WuClROtJCaw,WuClROtJCaw
https://www.youtube.com/watch?v=viL0LWzdOfI,viL0LWzdOfI
https://www.youtube.com/watch?v=q4PdDMG7hgw,q4PdDMG7hgw
https://www.youtube.com/watch?v=eYfKlNBLLeQ,eYfKlNBLLeQ
https://www.youtube.com/watch?v=bRDuc3IdOn8,bRDuc3IdOn8
https://www.youtube.com/watch?v=AHmCH7iB_IM,AHmCH7iB_IM
https://www.youtube.com/watch?v=TJSPPYm3-Js,TJSPPYm3-Js
https://www.youtube.com/watch?v=yP4puq7dgC4,yP4puq7dgC4
https://www.youtube.com/watch?v=4H4YteJo0JQ,4H4YteJo0JQ
https://www.youtube.com/watch?v=nkvEzNeiQLI,nkvEzNeiQLI
https://www.youtube.com/watch?v=cE0pvT1Lgrg,cE0pvT1Lgrg
https://www.youtube.com/watch?v=M6E8gPmz7n4,M6E8gPmz7n4
https://www.youtube.com/watch?v=J364vYbwpzo,J364vYbwpzo
https://www.youtube.com/watch?v=qSYt0Gtnzgs,qSYt0Gtnzgs
https://www.youtube.com/watch?v=Ekg67qU-hbo,Ekg67qU-hbo
https://www.youtube.com/watch?v=xwJ5IFxyc5c,xwJ5IFxyc5c
https://www.youtube.com/watch?v=4gjvyfjeJKM,4gjvyfjeJKM
https://www.youtube.com/watch?v=B0YQY4gR2Ws,B0YQY4gR2Ws
https://www.youtube.com/watch?v=s_X35NgQTAk,s_X35NgQTAk
https://www.youtube.com/watch?v=B48hwisZvEI,B48hwisZvEI
https://www.youtube.com/watch?v=jhyQQb0A9y4,jhyQQb0A9y4
https://www.youtube.com/watch?v=os2tIykAqNA,os2tIykAqNA
https://www.youtube.com/watch?v=8vmHFvnjPDw,8vmHFvnjPDw
https://www.youtube.com/watch?v=-wh1DD0b7Wk,-wh1DD0b7Wk
https://www.youtube.com/watch?v=U82heDabn5k,U82heDabn5k
https://www.youtube.com/watch?v=6oHCzKqjnmw,6oHCzKqjnmw
https://www.youtube.com/watch?v=LoNoOn6c0gA,LoNoOn6c0gA
https://www.youtube.com/watch?v=M8Lg78jgr4A,M8Lg78jgr4A
https://www.youtube.com/watch?v=e-UBeUuVf9E,e-UBeUuVf9E
https://www.youtube.com/watch?v=9aDpQq_kQqg,9aDpQq_kQqg
https://www.youtube.com/watch?v=M-GnO4_lxOw,M-GnO4_lxOw
https://www.youtube.com/watch?v=hjw_QTKr2rc,hjw_QTKr2rc
https://www.youtube.com/watch?v=pZ6qzDnQzGI,pZ6qzDnQzGI
https://www.youtube.com/watch?v=6OnCEpwB0vM,6OnCEpwB0vM
https://www.youtube.com/watch?v=fcnLjk-hyP8,fcnLjk-hyP8
https://www.youtube.com/watch?v=pLMpESiAgyo,pLMpESiAgyo
https://www.youtube.com/watch?v=3CBToFLq1C0,3CBToFLq1C0
https://www.youtube.com/watch?v=oHY7D7K58BM,oHY7D7K58BM
https://www.youtube.com/watch?v=kzkYwJH91xE,kzkYwJH91xE
https://www.youtube.com/watch?v=zkHP4RXHzBg,zkHP4RXHzBg
https://www.youtube.com/watch?v=5RR8WTQzwSk,5RR8WTQzwSk
https://www.youtube.com/watch?v=BnJim7OK2kM,BnJim7OK2kM
https://www.youtube.com/watch?v=DM_4WJGsC4I,DM_4WJGsC4I
https://www.youtube.com/watch?v=zo2V5CQMuJw,zo2V5CQMuJw
https://www.youtube.com/watch?v=nWiQodhMvz4,nWiQodhMvz4
https://www.youtube.com/watch?v=kA244xewjcI,kA244xewjcI
https://www.youtube.com/watch?v=09zYzvKkCOA,09zYzvKkCOA
https://www.youtube.com/watch?v=HZpbWqCqAOY,HZpbWqCqAOY
https://www.youtube.com/watch?v=9tfemzaMkoU,9tfemzaMkoU
https://www.youtube.com/watch?v=nWxDwvLhkDw,nWxDwvLhkDw
https://www.youtube.com/watch?v=00f80p8xdho,00f80p8xdho
https://www.youtube.com/watch?v=rkQqBIA2OY0,rkQqBIA2OY0
https://www.youtube.com/watch?v=wXj7IRAAGb4,wXj7IRAAGb4
https://www.youtube.com/watch?v=BwgnXZ98AfI,BwgnXZ98AfI
https://www.youtube.com/watch?v=28dHbIR_NB4,28dHbIR_NB4
https://www.youtube.com/watch?v=e4U-23TOKms,e4U-23TOKms
https://www.youtube.com/watch?v=SRUWVT87mt8,SRUWVT87mt8
https://www.youtube.com/watch?v=tJHcv0Pm0RU,tJHcv0Pm0RU
https://www.youtube.com/watch?v=5muQK7CuFtY,5muQK7CuFtY
https://www.youtube.com/watch?v=oAP1fA-bp5k,oAP1fA-bp5k
https://www.youtube.com/watch?v=441YllVTgHs,441YllVTgHs
https://www.youtube.com/watch?v=urKDu40iaXk,urKDu40iaXk
https://www.youtube.com/watch?v=ZVf03hw63Vw,ZVf03hw63Vw
https://www.youtube.com/watch?v=D1G2iLSzOe8,D1G2iLSzOe8
https://www.youtube.com/watch?v=svq5OzzT7s4,svq5OzzT7s4
https://www.youtube.com/watch?v=6HDT6u2j2XM,6HDT6u2j2XM
https://www.youtube.com/watch?v=KKktQFFcXL0,KKktQFFcXL0
https://www.youtube.com/watch?v=TbZgLKjrdnA,TbZgLKjrdnA
https://www.youtube.com/watch?v=unW5w6JCEb8,unW5w6JCEb8
https://www.youtube.com/watch?v=AnDhlrs3XVM,AnDhlrs3XVM
https://www.youtube.com/watch?v=FXGL3uU0lxY,FXGL3uU0lxY
https://www.youtube.com/watch?v=kadUgcIxODM,kadUgcIxODM
https://www.youtube.com/watch?v=Mr4MKhV5QVw,Mr4MKhV5QVw
https://www.youtube.com/watch?v=HzUhz2XkFfE,HzUhz2XkFfE
https://www.youtube.com/watch?v=-LtCIImfSCk,-LtCIImfSCk
https://www.youtube.com/watch?v=iJ4mU3oQW3g,iJ4mU3oQW3g
https://www.youtube.com/watch?v=wBM0_6JJw1s,wBM0_6JJw1s
https://www.youtube.com/watch?v=qGF58R1payk,qGF58R1payk
https://www.youtube.com/watch?v=OVo5kLt_-BU,OVo5kLt_-BU
https://www.youtube.com/watch?v=6oI5sUWvFWo,6oI5sUWvFWo
https://www.youtube.com/watch?v=froEI_wGiJw,froEI_wGiJw
https://www.youtube.com/watch?v=qJXmdY4lVR0,qJXmdY4lVR0
https://www.youtube.com/watch?v=RvAOuhyunhY,RvAOuhyunhY
https://www.youtube.com/watch?v=xiMPCevu8Wk,xiMPCevu8Wk
https://www.youtube.com/watch?v=GqoEs4cG6Uw,GqoEs4cG6Uw
https://www.youtube.com/watch?v=692hOJq1KJE,692hOJq1KJE
https://www.youtube.com/watch?v=phRXBLwcy5I,phRXBLwcy5I
https://www.youtube.com/watch?v=-0FU8z_1Arc,-0FU8z_1Arc
https://www.youtube.com/watch?v=87r31Z_d4LQ,87r31Z_d4LQ
https://www.youtube.com/watch?v=0nrYm9Shbcs,0nrYm9Shbcs
https://www.youtube.com/watch?v=Pbc3iujW6Oc,Pbc3iujW6Oc
https://www.youtube.com/watch?v=mWyJvohEFj8,mWyJvohEFj8
https://www.youtube.com/watch?v=sow78oHyowA,sow78oHyowA
https://www.youtube.com/watch?v=hcZKctOWsgI,hcZKctOWsgI
https://www.youtube.com/watch?v=uRu3zLOJN2c,uRu3zLOJN2c
https://www.youtube.com/watch?v=mZxekXIjrZk,mZxekXIjrZk
https://www.youtube.com/watch?v=xXh53I-Sdsk,xXh53I-Sdsk
https://www.youtube.com/watch?v=EAcWAxQ9NT0,EAcWAxQ9NT0
https://www.youtube.com/watch?v=4E1-RnpOe8Q,4E1-RnpOe8Q
https://www.youtube.com/watch?v=-VLEPhfEN2M,-VLEPhfEN2M
https://www.youtube.com/watch?v=Go8zI2sytEc,Go8zI2sytEc
https://www.youtube.com/watch?v=G6Th84oGDno,G6Th84oGDno
https://www.youtube.com/watch?v=Na6gA1RehsU,Na6gA1RehsU
https://www.youtube.com/watch?v=gSMxBLlA8qY,gSMxBLlA8qY
https://www.youtube.com/watch?v=iLR3gZrU2Xo,iLR3gZrU2Xo
https://www.youtube.com/watch?v=lCa5rx_8WCc,lCa5rx_8WCc
https://www.youtube.com/watch?v=0rBnkBIhoFE,0rBnkBIhoFE
https://www.youtube.com/watch?v=zyYgDtY2AMY,zyYgDtY2AMY
https://www.youtube.com/watch?v=AY5SrKf_2ic,AY5SrKf_2ic
https://www.youtube.com/watch?v=qsOwj0PR5Sk,qsOwj0PR5Sk
https://www.youtube.com/watch?v=YnxHyBbYwQQ,YnxHyBbYwQQ
https://www.youtube.com/watch?v=VzNJVSsjE-I,VzNJVSsjE-I
https://www.youtube.com/watch?v=BZulYPti89M,BZulYPti89M
https://www.youtube.com/watch?v=qGqiHJTsRkQ,qGqiHJTsRkQ
https://www.youtube.com/watch?v=yzZ_oHR5wRE,yzZ_oHR5wRE
https://www.youtube.com/watch?v=GVQbeG5yW78,GVQbeG5yW78
https://www.youtube.com/watch?v=AST2-4db4ic,AST2-4db4ic
https://www.youtube.com/watch?v=wELPTxJ2YZY,wELPTxJ2YZY
https://www.youtube.com/watch?v=bSb585bGYmQ,bSb585bGYmQ
https://www.youtube.com/watch?v=159kw4Sz7UA,159kw4Sz7UA
https://www.youtube.com/watch?v=YWI6Q-yKFbc,YWI6Q-yKFbc
https://www.youtube.com/watch?v=G9jOaggGPKQ,G9jOaggGPKQ
https://www.youtube.com/watch?v=WEWQbBOFcz4,WEWQbBOFcz4
https://www.youtube.com/watch?v=ZtfkhimcnLY,ZtfkhimcnLY
https://www.youtube.com/watch?v=m5Kr38lovJc,m5Kr38lovJc
https://www.youtube.com/watch?v=MpO6kqPuh9E,MpO6kqPuh9E
https://www.youtube.com/watch?v=Da1l9xMq8Hw,Da1l9xMq8Hw
https://www.youtube.com/watch?v=2JmyjKCKWYc,2JmyjKCKWYc
https://www.youtube.com/watch?v=_pg2loK0whk,_pg2loK0whk
https://www.youtube.com/watch?v=SJWRY4DzoAQ,SJWRY4DzoAQ
https://www.youtube.com/watch?v=EG3BOzfjC-8,EG3BOzfjC-8
https://www.youtube.com/watch?v=FBuIr-azx04,FBuIr-azx04
https://www.youtube.com/watch?v=tSkv_sEyPSc,tSkv_sEyPSc
https://www.youtube.com/watch?v=Zu4hy_1-jVo,Zu4hy_1-jVo
https://www.youtube.com/watch?v=aXR1gDNPhT4,aXR1gDNPhT4
https://www.youtube.com/watch?v=rDBwTEtUEa8,rDBwTEtUEa8
https://www.youtube.com/watch?v=1yzDkqiAMug,1yzDkqiAMug
https://www.youtube.com/watch?v=cb0v9Ua22hk,cb0v9Ua22hk
https://www.youtube.com/watch?v=CV9Q05R66Nc,CV9Q05R66Nc
https://www.youtube.com/watch?v=OpyIZok5rkU,OpyIZok5rkU
https://www.youtube.com/watch?v=OO6EmDhi2X0,OO6EmDhi2X0
https://www.youtube.com/watch?v=3JA3bD5xs-Q,3JA3bD5xs-Q
https://www.youtube.com/watch?v=TYGlHrp6XeM,TYGlHrp6XeM
https://www.youtube.com/watch?v=3kmEI_IKWc8,3kmEI_IKWc8
https://www.youtube.com/watch?v=lAD81wjRnL8,lAD81wjRnL8
https://www.youtube.com/watch?v=7avROAM7E8M,7avROAM7E8M
https://www.youtube.com/watch?v=4-CFpCQbIek,4-CFpCQbIek
https://www.youtube.com/watch?v=jVBIelh22z8,jVBIelh22z8
https://www.youtube.com/watch?v=YRiL4_oWXlw,YRiL4_oWXlw
https://www.youtube.com/watch?v=H29gXvI0fVE,H29gXvI0fVE
https://www.youtube.com/watch?v=Mn3PltkorFo,Mn3PltkorFo
https://www.youtube.com/watch?v=knPhaXYG4YA,knPhaXYG4YA
https://www.youtube.com/watch?v=_QkEG96do9E,_QkEG96do9E
https://www.youtube.com/watch?v=gnbNfq7ud2I,gnbNfq7ud2I
https://www.youtube.com/watch?v=os8xbNzqA2I,os8xbNzqA2I
https://www.youtube.com/watch?v=sZn-CQsrmPQ,sZn-CQsrmPQ
https://www.youtube.com/watch?v=05jdkAUwGPM,05jdkAUwGPM
https://www.youtube.com/watch?v=b6qSGKN42Gc,b6qSGKN42Gc
https://www.youtube.com/watch?v=6pIX0F2yAX0,6pIX0F2yAX0
https://www.youtube.com/watch?v=lP5OX-zEgrw,lP5OX-zEgrw
https://www.youtube.com/watch?v=MBeJPuf_KYM,MBeJPuf_KYM
https://www.youtube.com/watch?v=DEid4LWdLS0,DEid4LWdLS0
https://www.youtube.com/watch?v=Ig4pNINEsmc,Ig4pNINEsmc
https://www.youtube.com/watch?v=rL-U20BUK4I,rL-U20BUK4I
https://www.youtube.com/watch?v=vGruL2Gj-mg,vGruL2Gj-mg
https://www.youtube.com/watch?v=BoNynvcG7Ok,BoNynvcG7Ok
https://www.youtube.com/watch?v=3PR_ZK57c54,3PR_ZK57c54
https://www.youtube.com/watch?v=gxMM6Ntv78A,gxMM6Ntv78A
https://www.youtube.com/watch?v=XTuRa0dqX7s,XTuRa0dqX7s
https://www.youtube.com/watch?v=RhQu4tcHLeU,RhQu4tcHLeU
https://www.youtube.com/watch?v=Pk26BsKMngI,Pk26BsKMngI
https://www.youtube.com/watch?v=e0OCVku_Rlg,e0OCVku_Rlg
https://www.youtube.com/watch?v=heN0JtJu4pE,heN0JtJu4pE
https://www.youtube.com/watch?v=oU56Ns1nXsE,oU56Ns1nXsE
https://www.youtube.com/watch?v=nrlVHVid-20,nrlVHVid-20
https://www.youtube.com/watch?v=wMCJcLvTKY8,wMCJcLvTKY8
https://www.youtube.com/watch?v=e5G8zeg9bS8,e5G8zeg9bS8
https://www.youtube.com/watch?v=oG1xjm0GZgQ,oG1xjm0GZgQ
https://www.youtube.com/watch?v=He_IGE4CZGY,He_IGE4CZGY
https://www.youtube.com/watch?v=ItjJduXxWAM,ItjJduXxWAM
https://www.youtube.com/watch?v=3O--8AuuhgA,3O--8AuuhgA
https://www.youtube.com/watch?v=bRz2hY6ykGE,bRz2hY6ykGE
https://www.youtube.com/watch?v=XSiHVciLRrw,XSiHVciLRrw
https://www.youtube.com/watch?v=Enuuxflk-m4,Enuuxflk-m4
https://www.youtube.com/watch?v=enT3zQzvhGw,enT3zQzvhGw
https://www.youtube.com/watch?v=Iu8IcplAr4M,Iu8IcplAr4M
https://www.youtube.com/watch?v=2D-3fxTLmS8,2D-3fxTLmS8
https://www.youtube.com/watch?v=I3imoS5OcCw,I3imoS5OcCw
https://www.youtube.com/watch?v=x_4XIwSNldQ,x_4XIwSNldQ
https://www.youtube.com/watch?v=y43hnMIRSDc,y43hnMIRSDc
https://www.youtube.com/watch?v=70MVn1q-yyM,70MVn1q-yyM
https://www.youtube.com/watch?v=6tGCaioscqQ,6tGCaioscqQ
https://www.youtube.com/watch?v=_aasVNYepjE,_aasVNYepjE
https://www.youtube.com/watch?v=A73FnWETvr8,A73FnWETvr8
https://www.youtube.com/watch?v=Wfndmy-6e28,Wfndmy-6e28
https://www.youtube.com/watch?v=Jh59H_d19Kg,Jh59H_d19Kg
https://www.youtube.com/watch?v=7tmxxzZXLEM,7tmxxzZXLEM
https://www.youtube.com/watch?v=uDDCulgiqs4,uDDCulgiqs4
https://www.youtube.com/watch?v=1NEiXWtijQw,1NEiXWtijQw
https://www.youtube.com/watch?v=YuMBAq-ROh4,YuMBAq-ROh4
https://www.youtube.com/watch?v=AWEjo6pr2Qk,AWEjo6pr2Qk
https://www.youtube.com/watch?v=iGkrfxYGpS4,iGkrfxYGpS4
https://www.youtube.com/watch?v=Q9hNIzP6ycM,Q9hNIzP6ycM
https://www.youtube.com/watch?v=7mzushAOM88,7mzushAOM88
https://www.youtube.com/watch?v=4TZb7YfK-JI,4TZb7YfK-JI
https://www.youtube.com/watch?v=3OHPCurXcTU,3OHPCurXcTU
https://www.youtube.com/watch?v=6sxCFZ8_d84,6sxCFZ8_d84
https://www.youtube.com/watch?v=eMMLRnXPPJk,eMMLRnXPPJk
https://www.youtube.com/watch?v=sOw20FDNnHA,sOw20FDNnHA
https://www.youtube.com/watch?v=XKeNWUsC_Nw,XKeNWUsC_Nw
https://www.youtube.com/watch?v=jdv_PMffxyE,jdv_PMffxyE
https://www.youtube.com/watch?v=HEK5MmxP620,HEK5MmxP620
https://www.youtube.com/watch?v=RTR9uTM8i0g,RTR9uTM8i0g
https://www.youtube.com/watch?v=1i-_CRKdh4Y,1i-_CRKdh4Y
https://www.youtube.com/watch?v=cgM_oyXE0d0,cgM_oyXE0d0
https://www.youtube.com/watch?v=FOzrXqf5pvE,FOzrXqf5pvE
https://www.youtube.com/watch?v=xEpSdb_f1pE,xEpSdb_f1pE
https://www.youtube.com/watch?v=sSjtGqRXQ9Y,sSjtGqRXQ9Y
https://www.youtube.com/watch?v=ofnXPwUPENo,ofnXPwUPENo
https://www.youtube.com/watch?v=Ja3PPOnJQ2k,Ja3PPOnJQ2k
https://www.youtube.com/watch?v=Ugnx1nrGOPA,Ugnx1nrGOPA
https://www.youtube.com/watch?v=WllZh9aekDg,WllZh9aekDg
https://www.youtube.com/watch?v=MY8XPcO9FhY,MY8XPcO9FhY
https://www.youtube.com/watch?v=dHa95iy2lF0,dHa95iy2lF0
https://www.youtube.com/watch?v=JVc8SI5CAKw,JVc8SI5CAKw
https://www.youtube.com/watch?v=mgygUwPJvYk,mgygUwPJvYk
https://www.youtube.com/watch?v=_6rn-6lKBJ8,_6rn-6lKBJ8
https://www.youtube.com/watch?v=9cq1lPPeMUY,9cq1lPPeMUY
https://www.youtube.com/watch?v=sG3YXUBoroM,sG3YXUBoroM
https://www.youtube.com/watch?v=oo2bn4IL-Rg,oo2bn4IL-Rg
https://www.youtube.com/watch?v=BKP_0z52ZAw,BKP_0z52ZAw
https://www.youtube.com/watch?v=AoeLurk2YSE,AoeLurk2YSE
https://www.youtube.com/watch?v=Di7jddUjKo4,Di7jddUjKo4
https://www.youtube.com/watch?v=pGi3Bgn7U5U,pGi3Bgn7U5U
https://www.youtube.com/watch?v=-gmz7eRLV00,-gmz7eRLV00
https://www.youtube.com/watch?v=DYnzUodIl14,DYnzUodIl14
https://www.youtube.com/watch?v=r8YN0kgCgY8,r8YN0kgCgY8
https://www.youtube.com/watch?v=2zpY7nxb0Ps,2zpY7nxb0Ps
https://www.youtube.com/watch?v=s7SXh_-1eQE,s7SXh_-1eQE
https://www.youtube.com/watch?v=Li3XnQqfCRg,Li3XnQqfCRg
https://www.youtube.com/watch?v=KoScQdKYTJE,KoScQdKYTJE
https://www.youtube.com/watch?v=iBgubizv64g,iBgubizv64g
https://www.youtube.com/watch?v=6U934H65p-E,6U934H65p-E
https://www.youtube.com/watch?v=wdZHdsLg84A,wdZHdsLg84A
https://www.youtube.com/watch?v=EanOQLOoR3U,EanOQLOoR3U
https://www.youtube.com/watch?v=8-hZZ7MmUtY,8-hZZ7MmUtY
https://www.youtube.com/watch?v=YGXGf1M8A_g,YGXGf1M8A_g
https://www.youtube.com/watch?v=iSWHBK0sSgc,iSWHBK0sSgc
https://www.youtube.com/watch?v=U1AsUo0_6XU,U1AsUo0_6XU
https://www.youtube.com/watch?v=pTyd_7_60PM,pTyd_7_60PM
https://www.youtube.com/watch?v=kKhJ25VIvhY,kKhJ25VIvhY
https://www.youtube.com/watch?v=5hJR8hEsLZU,5hJR8hEsLZU
https://www.youtube.com/watch?v=qKxmdETbxT8,qKxmdETbxT8
https://www.youtube.com/watch?v=wBDLRvjHVOY,wBDLRvjHVOY
https://www.youtube.com/watch?v=O7enm2b0BcU,O7enm2b0BcU
https://www.youtube.com/watch?v=YfwqoSaSlVY,YfwqoSaSlVY
https://www.youtube.com/watch?v=9RY9rkqQTJI,9RY9rkqQTJI
https://www.youtube.com/watch?v=Kwp32zLc08c,Kwp32zLc08c
https://www.youtube.com/watch?v=PDU6B93ltds,PDU6B93ltds
https://www.youtube.com/watch?v=PY3808Iq0Tg,PY3808Iq0Tg
https://www.youtube.com/watch?v=xpVRBBvjLhA,xpVRBBvjLhA
https://www.youtube.com/watch?v=qaTB6xtu-3I,qaTB6xtu-3I
https://www.youtube.com/watch?v=nQ55cJ4Bvn8,nQ55cJ4Bvn8
https://www.youtube.com/watch?v=5gY5joSmRDY,5gY5joSmRDY
https://www.youtube.com/watch?v=dZRqB0JLizw,dZRqB0JLizw
https://www.youtube.com/watch?v=wN0Spmq610Q,wN0Spmq610Q
https://www.youtube.com/watch?v=D7XT9OWifHs,D7XT9OWifHs
https://www.youtube.com/watch?v=isd1C7g6XT0,isd1C7g6XT0
https://www.youtube.com/watch?v=NTsTjW5ykAI,NTsTjW5ykAI
https://www.youtube.com/watch?v=rHPcubS9XbM,rHPcubS9XbM
https://www.youtube.com/watch?v=lEN2rk__Xms,lEN2rk__Xms
https://www.youtube.com/watch?v=DHREzAdyCPs,DHREzAdyCPs
https://www.youtube.com/watch?v=As9b6ROukSM,As9b6ROukSM
https://www.youtube.com/watch?v=eIJ4zxhlaqQ,eIJ4zxhlaqQ
https://www.youtube.com/watch?v=GZ-sZfI1ItA,GZ-sZfI1ItA
https://www.youtube.com/watch?v=ZEyCyI__09Q,ZEyCyI__09Q
https://www.youtube.com/watch?v=NysYn89m5y4,NysYn89m5y4
https://www.youtube.com/watch?v=gj5ibYSz8C0,gj5ibYSz8C0
https://www.youtube.com/watch?v=gli0Ns4i1PM,gli0Ns4i1PM
https://www.youtube.com/watch?v=Y1QlyBcH8QA,Y1QlyBcH8QA
https://www.youtube.com/watch?v=ZUTRWRRdCHE,ZUTRWRRdCHE
https://www.youtube.com/watch?v=wSeprzQM6gk,wSeprzQM6gk
https://www.youtube.com/watch?v=AhKhw3a5PPI,AhKhw3a5PPI
https://www.youtube.com/watch?v=92kQD4fc0a0,92kQD4fc0a0
https://www.youtube.com/watch?v=iO9JcPbbmAA,iO9JcPbbmAA
https://www.youtube.com/watch?v=U-1pUnTsSQc,U-1pUnTsSQc
https://www.youtube.com/watch?v=DesIn54F4jg,DesIn54F4jg
https://www.youtube.com/watch?v=AHxMGndzvEI,AHxMGndzvEI
https://www.youtube.com/watch?v=KwptmiAhu28,KwptmiAhu28
https://www.youtube.com/watch?v=_8RIlIOd_us,_8RIlIOd_us
https://www.youtube.com/watch?v=9LRRWUp_khY,9LRRWUp_khY
https://www.youtube.com/watch?v=MQCHFRnfyEM,MQCHFRnfyEM
https://www.youtube.com/watch?v=hLQ-5exgctI,hLQ-5exgctI
https://www.youtube.com/watch?v=G9qIwkAi_Zk,G9qIwkAi_Zk
https://www.youtube.com/watch?v=UaVTIH8mujA,UaVTIH8mujA
https://www.youtube.com/watch?v=g0nlx_Fjdlk,g0nlx_Fjdlk
https://www.youtube.com/watch?v=zRaUIPMq-u0,zRaUIPMq-u0
https://www.youtube.com/watch?v=i5pxUQecM3Y,i5pxUQecM3Y
https://www.youtube.com/watch?v=ZKLu3t-G9Do,ZKLu3t-G9Do
https://www.youtube.com/watch?v=cea3rMXPw2g,cea3rMXPw2g
https://www.youtube.com/watch?v=WRrkVJFsmeY,WRrkVJFsmeY
https://www.youtube.com/watch?v=seHuOmdcJqg,seHuOmdcJqg
https://www.youtube.com/watch?v=n_tgQ105coQ,n_tgQ105coQ
https://www.youtube.com/watch?v=wZNInG8kSiA,wZNInG8kSiA
https://www.youtube.com/watch?v=3UgJL23HxyU,3UgJL23HxyU
https://www.youtube.com/watch?v=Tzn-8q2i-0c,Tzn-8q2i-0c
https://www.youtube.com/watch?v=0GQb-UXKshY,0GQb-UXKshY
https://www.youtube.com/watch?v=zbwL8YMdQUE,zbwL8YMdQUE
https://www.youtube.com/watch?v=Hw2zRmujRf4,Hw2zRmujRf4
https://www.youtube.com/watch?v=uxVmvApi8Wg,uxVmvApi8Wg
https://www.youtube.com/watch?v=8WgOlUUrYTM,8WgOlUUrYTM
https://www.youtube.com/watch?v=F2T4dyEeo6M,F2T4dyEeo6M
https://www.youtube.com/watch?v=lXVoQWzlAxw,lXVoQWzlAxw
https://www.youtube.com/watch?v=bnSZdi1Ozo8,bnSZdi1Ozo8
https://www.youtube.com/watch?v=xxLBTRcDVfU,xxLBTRcDVfU
https://www.youtube.com/watch?v=Nx2U8B6_dJ0,Nx2U8B6_dJ0
https://www.youtube.com/watch?v=v75fNqQ2hs8,v75fNqQ2hs8
https://www.youtube.com/watch?v=ejZ75QFesgE,ejZ75QFesgE
https://www.youtube.com/watch?v=dlxYlvNlj8o,dlxYlvNlj8o
https://www.youtube.com/watch?v=yXpl3f3qs1A,yXpl3f3qs1A
https://www.youtube.com/watch?v=FCY7E0oHW6Y,FCY7E0oHW6Y
https://www.youtube.com/watch?v=fWHzon-BEk8,fWHzon-BEk8
https://www.youtube.com/watch?v=w8qvdfdQ9xA,w8qvdfdQ9xA
https://www.youtube.com/watch?v=MP1PTOiPVQo,MP1PTOiPVQo
https://www.youtube.com/watch?v=KPSKkxTQFEU,KPSKkxTQFEU
https://www.youtube.com/watch?v=wVN2L8g88_4,wVN2L8g88_4
https://www.youtube.com/watch?v=4fREBiAyu2g,4fREBiAyu2g
https://www.youtube.com/watch?v=F6TXCowV7ro,F6TXCowV7ro
https://www.youtube.com/watch?v=C4woqZIHg7w,C4woqZIHg7w
https://www.youtube.com/watch?v=fh8Ft-34jlM,fh8Ft-34jlM
https://www.youtube.com/watch?v=X3h7g-T82p0,X3h7g-T82p0
https://www.youtube.com/watch?v=JAXMVkV3idE,JAXMVkV3idE
https://www.youtube.com/watch?v=t_xhN87G8bk,t_xhN87G8bk
https://www.youtube.com/watch?v=5dOZpivfNxw,5dOZpivfNxw
https://www.youtube.com/watch?v=TB8Vg5A-b2Y,TB8Vg5A-b2Y
https://www.youtube.com/watch?v=1SP3edEAl5c,1SP3edEAl5c
https://www.youtube.com/watch?v=hRScuC_TkME,hRScuC_TkME
https://www.youtube.com/watch?v=DaqKCI9B6Q8,DaqKCI9B6Q8
https://www.youtube.com/watch?v=H-BCmUeHE5c,H-BCmUeHE5c
https://www.youtube.com/watch?v=k3YXboQMKHk,k3YXboQMKHk
https://www.youtube.com/watch?v=Dj5h1kKjVYc,Dj5h1kKjVYc
https://www.youtube.com/watch?v=v0DiHtZ3wtA,v0DiHtZ3wtA
https://www.youtube.com/watch?v=ei9IkGdcmPg,ei9IkGdcmPg
https://www.youtube.com/watch?v=tWnO8oivMJg,tWnO8oivMJg
https://www.youtube.com/watch?v=Xx71EYrk2_M,Xx71EYrk2_M
https://www.youtube.com/watch?v=s2roNX6pAyc,s2roNX6pAyc
https://www.youtube.com/watch?v=vzg21jM3JN4,vzg21jM3JN4
https://www.youtube.com/watch?v=z2cfqfUI2Kw,z2cfqfUI2Kw
https://www.youtube.com/watch?v=PMlHDNdLGU8,PMlHDNdLGU8
https://www.youtube.com/watch?v=vQP-L2pJzmk,vQP-L2pJzmk
https://www.youtube.com/watch?v=vWmQyBjrbfU,vWmQyBjrbfU
https://www.youtube.com/watch?v=Yl1WJA0T5II,Yl1WJA0T5II
https://www.youtube.com/watch?v=WKzLjjYnWnU,WKzLjjYnWnU
https://www.youtube.com/watch?v=Y_JcTg5mrEY,Y_JcTg5mrEY
https://www.youtube.com/watch?v=HuEYSxfAJ_g,HuEYSxfAJ_g
https://www.youtube.com/watch?v=u7trHXjb19I,u7trHXjb19I
https://www.youtube.com/watch?v=YuP8g_GQIgI,YuP8g_GQIgI
https://www.youtube.com/watch?v=Zder_aK4qn8,Zder_aK4qn8
https://www.youtube.com/watch?v=Q6h-WOt8uac,Q6h-WOt8uac
https://www.youtube.com/watch?v=b4pZLqI6t6E,b4pZLqI6t6E
https://www.youtube.com/watch?v=s0knuhDY1f8,s0knuhDY1f8
https://www.youtube.com/watch?v=STwiLcUMibE,STwiLcUMibE
https://www.youtube.com/watch?v=CQHuMpCtE00,CQHuMpCtE00
https://www.youtube.com/watch?v=FNrw1UzJoBw,FNrw1UzJoBw
https://www.youtube.com/watch?v=hNL5t9mHs5o,hNL5t9mHs5o
https://www.youtube.com/watch?v=KMXMKSoPv3o,KMXMKSoPv3o
https://www.youtube.com/watch?v=Hi69nL_VrTE,Hi69nL_VrTE
https://www.youtube.com/watch?v=6VIO8P3d1Ok,6VIO8P3d1Ok
https://www.youtube.com/watch?v=K2I4S7R6juU,K2I4S7R6juU
https://www.youtube.com/watch?v=t9Al2nC0vzY,t9Al2nC0vzY
https://www.youtube.com/watch?v=1I5cKmiONDI,1I5cKmiONDI
https://www.youtube.com/watch?v=r0Ymh8arZwk,r0Ymh8arZwk
https://www.youtube.com/watch?v=22pa0wpGa9Q,22pa0wpGa9Q
https://www.youtube.com/watch?v=gPYj07ehGdc,gPYj07ehGdc
https://www.youtube.com/watch?v=FPv3e2FZOgo,FPv3e2FZOgo
https://www.youtube.com/watch?v=mR3SM29DzCc,mR3SM29DzCc
https://www.youtube.com/watch?v=F6TjQ9c4w1g,F6TjQ9c4w1g
https://www.youtube.com/watch?v=IUYPHIG8os8,IUYPHIG8os8
https://www.youtube.com/watch?v=N5aD9ppoQIo,N5aD9ppoQIo
https://www.youtube.com/watch?v=L68mUxKuAnA,L68mUxKuAnA
https://www.youtube.com/watch?v=k9-PqY5pEeo,k9-PqY5pEeo
https://www.youtube.com/watch?v=C0FnJDhY9-0,C0FnJDhY9-0
https://www.youtube.com/watch?v=wZ1vn85iQRE,wZ1vn85iQRE
https://www.youtube.com/watch?v=3On0BXzGnuI,3On0BXzGnuI
https://www.youtube.com/watch?v=IcG06hZooHM,IcG06hZooHM
https://www.youtube.com/watch?v=k2a-KSOCIeY,k2a-KSOCIeY
https://www.youtube.com/watch?v=YCwCdQK2Qss,YCwCdQK2Qss
https://www.youtube.com/watch?v=mEJuG1hKQMk,mEJuG1hKQMk
https://www.youtube.com/watch?v=2zmBql9g0DY,2zmBql9g0DY
https://www.youtube.com/watch?v=Ks_HSj1UqKI,Ks_HSj1UqKI
https://www.youtube.com/watch?v=Fru8IkuDp_k,Fru8IkuDp_k
https://www.youtube.com/watch?v=eKM6fSTs-A0,eKM6fSTs-A0
https://www.youtube.com/watch?v=DmmHvnS0IKM,DmmHvnS0IKM
https://www.youtube.com/watch?v=2ZAdcWHuCmY,2ZAdcWHuCmY
https://www.youtube.com/watch?v=e3Ug8oRLfq4,e3Ug8oRLfq4
https://www.youtube.com/watch?v=bCpJmqG4yrI,bCpJmqG4yrI
https://www.youtube.com/watch?v=A2FrrSyyKfA,A2FrrSyyKfA
https://www.youtube.com/watch?v=Dp2ufFO4QGg,Dp2ufFO4QGg
https://www.youtube.com/watch?v=Le05vmahdXQ,Le05vmahdXQ
https://www.youtube.com/watch?v=go1jaIRQc-o,go1jaIRQc-o
https://www.youtube.com/watch?v=1pKdCHvH310,1pKdCHvH310
https://www.youtube.com/watch?v=24YrEAGF32M,24YrEAGF32M
https://www.youtube.com/watch?v=S3vO8E2e6G0,S3vO8E2e6G0
https://www.youtube.com/watch?v=tu3mP0c51hE,tu3mP0c51hE
https://www.youtube.com/watch?v=RRnf3o6psCs,RRnf3o6psCs
https://www.youtube.com/watch?v=r59Xcy8eWBI,r59Xcy8eWBI
https://www.youtube.com/watch?v=9ut3dOSlePk,9ut3dOSlePk
https://www.youtube.com/watch?v=384jA6J0rK8,384jA6J0rK8
https://www.youtube.com/watch?v=_yKNo4v9meE,_yKNo4v9meE
https://www.youtube.com/watch?v=-3T78VfGyes,-3T78VfGyes
https://www.youtube.com/watch?v=QVUEoSsw6ZU,QVUEoSsw6ZU
https://www.youtube.com/watch?v=x44VFW2aHOs,x44VFW2aHOs
https://www.youtube.com/watch?v=zn-G1M8XE4E,zn-G1M8XE4E
https://www.youtube.com/watch?v=Sfn46d8V0e0,Sfn46d8V0e0
https://www.youtube.com/watch?v=IdlslMb3KJY,IdlslMb3KJY
https://www.youtube.com/watch?v=-3gC-yreWWg,-3gC-yreWWg
https://www.youtube.com/watch?v=l3g9QX3lHm8,l3g9QX3lHm8
https://www.youtube.com/watch?v=QF-oyCwaArU,QF-oyCwaArU
https://www.youtube.com/watch?v=u3a97WiIDz4,u3a97WiIDz4
https://www.youtube.com/watch?v=1Ak6Vh7uHvM,1Ak6Vh7uHvM
https://www.youtube.com/watch?v=7te6abIDdzE,7te6abIDdzE
https://www.youtube.com/watch?v=TzQe4sqjZT8,TzQe4sqjZT8
https://www.youtube.com/watch?v=Rrgwv7XTf9Q,Rrgwv7XTf9Q
https://www.youtube.com/watch?v=T504u17Ao9A,T504u17Ao9A
https://www.youtube.com/watch?v=ZYjLvyhxGls,ZYjLvyhxGls
https://www.youtube.com/watch?v=WN6ndZINe5I,WN6ndZINe5I
https://www.youtube.com/watch?v=8kKexutLfE0,8kKexutLfE0
https://www.youtube.com/watch?v=TFTboOtNmss,TFTboOtNmss
https://www.youtube.com/watch?v=gx05E-99DPA,gx05E-99DPA
https://www.youtube.com/watch?v=S_lN0-gtWF4,S_lN0-gtWF4
https://www.youtube.com/watch?v=vgQMHG9SGlU,vgQMHG9SGlU
https://www.youtube.com/watch?v=bfS-25MELBY,bfS-25MELBY
https://www.youtube.com/watch?v=g4WHiMVq1-8,g4WHiMVq1-8
https://www.youtube.com/watch?v=GxYcfoepEoY,GxYcfoepEoY
https://www.youtube.com/watch?v=en9iObdFziE,en9iObdFziE
https://www.youtube.com/watch?v=VmIZM6g6txY,VmIZM6g6txY
https://www.youtube.com/watch?v=PX7XH0slxQI,PX7XH0slxQI
https://www.youtube.com/watch?v=o1EsLulr2q4,o1EsLulr2q4
https://www.youtube.com/watch?v=NqU6O4eYcso,NqU6O4eYcso
https://www.youtube.com/watch?v=Z8LjFugiDnA,Z8LjFugiDnA
https://www.youtube.com/watch?v=FNSlQ9mmJ4M,FNSlQ9mmJ4M
https://www.youtube.com/watch?v=gViRfoNmGOg,gViRfoNmGOg
https://www.youtube.com/watch?v=wCc25I_y7oA,wCc25I_y7oA
https://www.youtube.com/watch?v=bGAV3rUqB0c,bGAV3rUqB0c
https://www.youtube.com/watch?v=5w4BVnGZzno,5w4BVnGZzno
https://www.youtube.com/watch?v=5I8Gg4B1fXc,5I8Gg4B1fXc
https://www.youtube.com/watch?v=ODJb2-PLu7Y,ODJb2-PLu7Y
https://www.youtube.com/watch?v=F7a1XnIuB-k,F7a1XnIuB-k
https://www.youtube.com/watch?v=Fl0PETEBBhY,Fl0PETEBBhY
https://www.youtube.com/watch?v=2pSGZt-mhSY,2pSGZt-mhSY
https://www.youtube.com/watch?v=VTMGI2s5VNs,VTMGI2s5VNs
https://www.youtube.com/watch?v=ir4IraOtads,ir4IraOtads
https://www.youtube.com/watch?v=Vj3DSZKarNU,Vj3DSZKarNU
https://www.youtube.com/watch?v=T_qVx0SBjBQ,T_qVx0SBjBQ
https://www.youtube.com/watch?v=SpMhnqnbh0g,SpMhnqnbh0g
https://www.youtube.com/watch?v=lJezTw0t4gk,lJezTw0t4gk
https://www.youtube.com/watch?v=f9cxwp3M6mI,f9cxwp3M6mI
https://www.youtube.com/watch?v=AWvUNABT8sg,AWvUNABT8sg
https://www.youtube.com/watch?v=U4-C5L0TupE,U4-C5L0TupE
https://www.youtube.com/watch?v=97YwKGrq00s,97YwKGrq00s
https://www.youtube.com/watch?v=b-XDdH5jS4M,b-XDdH5jS4M
https://www.youtube.com/watch?v=ZKxzlNE9_7Y,ZKxzlNE9_7Y
https://www.youtube.com/watch?v=VFM0UqX9MJ8,VFM0UqX9MJ8
https://www.youtube.com/watch?v=mS-BYN5FC1Q,mS-BYN5FC1Q
https://www.youtube.com/watch?v=T-WGaZaojFc,T-WGaZaojFc
https://www.youtube.com/watch?v=CItEtnp3nPY,CItEtnp3nPY
https://www.youtube.com/watch?v=dDSyhfI8C-w,dDSyhfI8C-w
https://www.youtube.com/watch?v=hVTDoZLssg8,hVTDoZLssg8
https://www.youtube.com/watch?v=936z-F_nEEQ,936z-F_nEEQ
https://www.youtube.com/watch?v=mQj4BkYf-HM,mQj4BkYf-HM
https://www.youtube.com/watch?v=S_ezPTjSSPw,S_ezPTjSSPw
https://www.youtube.com/watch?v=RUptZEZdT-M,RUptZEZdT-M
https://www.youtube.com/watch?v=S1S4mWgbhIk,S1S4mWgbhIk
https://www.youtube.com/watch?v=59BpEiTWLGk,59BpEiTWLGk
https://www.youtube.com/watch?v=iT1izrIxoos,iT1izrIxoos
https://www.youtube.com/watch?v=NZZSw-D5Gcc,NZZSw-D5Gcc
https://www.youtube.com/watch?v=bqZIo7MFV0w,bqZIo7MFV0w
https://www.youtube.com/watch?v=qmYcbgJBv7s,qmYcbgJBv7s
https://www.youtube.com/watch?v=20QkDz4Y3Mw,20QkDz4Y3Mw
https://www.youtube.com/watch?v=IwmdgbHEtgk,IwmdgbHEtgk
https://www.youtube.com/watch?v=0J-_v38DBgU,0J-_v38DBgU
https://www.youtube.com/watch?v=sRsiW5c29Sk,sRsiW5c29Sk
https://www.youtube.com/watch?v=4HmN9r1Fcr8,4HmN9r1Fcr8
https://www.youtube.com/watch?v=2ZX7OANSoAg,2ZX7OANSoAg
https://www.youtube.com/watch?v=4AnpybNQ-hU,4AnpybNQ-hU
https://www.youtube.com/watch?v=bQxAnSKkqHA,bQxAnSKkqHA
https://www.youtube.com/watch?v=AxldHmhSYhU,AxldHmhSYhU
https://www.youtube.com/watch?v=WwQ-NH1rRT4,WwQ-NH1rRT4
https://www.youtube.com/watch?v=A79ziwolkr4,A79ziwolkr4
https://www.youtube.com/watch?v=A5A-sqOXy1A,A5A-sqOXy1A
https://www.youtube.com/watch?v=sXvwFdTTwhI,sXvwFdTTwhI
https://www.youtube.com/watch?v=ASR04zW4K8w,ASR04zW4K8w
https://www.youtube.com/watch?v=W0XTxOs-_Os,W0XTxOs-_Os
https://www.youtube.com/watch?v=ZR6DWDfMDlM,ZR6DWDfMDlM
https://www.youtube.com/watch?v=hm7cwEXVe2Q,hm7cwEXVe2Q
https://www.youtube.com/watch?v=kZMgjJrDWZs,kZMgjJrDWZs
https://www.youtube.com/watch?v=mxphAlJID9U,mxphAlJID9U
https://www.youtube.com/watch?v=9XxLHyzsB_Q,9XxLHyzsB_Q
https://www.youtube.com/watch?v=YZ0ZBXt6rZU,YZ0ZBXt6rZU
https://www.youtube.com/watch?v=43_KLNaEc6M,43_KLNaEc6M
https://www.youtube.com/watch?v=nzlazAyylw8,nzlazAyylw8
https://www.youtube.com/watch?v=TBj3GvFS8JI,TBj3GvFS8JI
https://www.youtube.com/watch?v=ynGnOf0scl8,ynGnOf0scl8
https://www.youtube.com/watch?v=2BwxeOzSx8A,2BwxeOzSx8A
https://www.youtube.com/watch?v=y5pbuzNpZUo,y5pbuzNpZUo
https://www.youtube.com/watch?v=MDQd_gaMGoI,MDQd_gaMGoI
https://www.youtube.com/watch?v=wl_SoMNi0rw,wl_SoMNi0rw
https://www.youtube.com/watch?v=Mq4m3yAoW8E,Mq4m3yAoW8E
https://www.youtube.com/watch?v=xqj7XOv9mC8,xqj7XOv9mC8
https://www.youtube.com/watch?v=PXNOg_SK7Vs,PXNOg_SK7Vs
https://www.youtube.com/watch?v=AlrWRttLTkg,AlrWRttLTkg
https://www.youtube.com/watch?v=R8oYYg75Qvg,R8oYYg75Qvg
https://www.youtube.com/watch?v=fgz6sX6jYaI,fgz6sX6jYaI
https://www.youtube.com/watch?v=jvx4Kmf7_gY,jvx4Kmf7_gY
https://www.youtube.com/watch?v=HEVonh8bjC0,HEVonh8bjC0
https://www.youtube.com/watch?v=CHdhbE2tJyA,CHdhbE2tJyA
https://www.youtube.com/watch?v=ttwkr8MM9Rk,ttwkr8MM9Rk
https://www.youtube.com/watch?v=b5kwtJkUdpA,b5kwtJkUdpA
https://www.youtube.com/watch?v=UjLs5XkJ8vw,UjLs5XkJ8vw
https://www.youtube.com/watch?v=-9-HBqVbtTo,-9-HBqVbtTo
https://www.youtube.com/watch?v=mSolF3QBVBY,mSolF3QBVBY
https://www.youtube.com/watch?v=c_8U7gjb2k4,c_8U7gjb2k4
https://www.youtube.com/watch?v=wIKExeMVksk,wIKExeMVksk
https://www.youtube.com/watch?v=_07ktacEGo8,_07ktacEGo8
https://www.youtube.com/watch?v=dRvKm__GrqU,dRvKm__GrqU
https://www.youtube.com/watch?v=CGlHLmfVymg,CGlHLmfVymg
https://www.youtube.com/watch?v=w9Rx6-GaSIE,w9Rx6-GaSIE
https://www.youtube.com/watch?v=fEskVQgtwaI,fEskVQgtwaI
https://www.youtube.com/watch?v=bAHAwesTLB4,bAHAwesTLB4
https://www.youtube.com/watch?v=ngiK1gQKgK8,ngiK1gQKgK8
https://www.youtube.com/watch?v=Z9AYPxH5NTM,Z9AYPxH5NTM
https://www.youtube.com/watch?v=y8lFgF_IjPw,y8lFgF_IjPw
https://www.youtube.com/watch?v=5iEOQn8UUHI,5iEOQn8UUHI
https://www.youtube.com/watch?v=jTzPXc2DW2k,jTzPXc2DW2k
https://www.youtube.com/watch?v=cNi_HC839Wo,cNi_HC839Wo
https://www.youtube.com/watch?v=6EnnIxr3KKg,6EnnIxr3KKg
https://www.youtube.com/watch?v=07Y4_6PD0Z4,07Y4_6PD0Z4
https://www.youtube.com/watch?v=xNsiQMeSvMk,xNsiQMeSvMk
https://www.youtube.com/watch?v=Vu4UPet8Nyc,Vu4UPet8Nyc
https://www.youtube.com/watch?v=qns48PtK2io,qns48PtK2io
https://www.youtube.com/watch?v=HdMP4sWc71M,HdMP4sWc71M
https://www.youtube.com/watch?v=MsFbMw9LO5M,MsFbMw9LO5M
https://www.youtube.com/watch?v=IC_lnyn2R2Q,IC_lnyn2R2Q
https://www.youtube.com/watch?v=eFFj2gS9UWs,eFFj2gS9UWs
https://www.youtube.com/watch?v=E0cbWdlQg_8,E0cbWdlQg_8
https://www.youtube.com/watch?v=-Denciie5oA,-Denciie5oA
https://www.youtube.com/watch?v=XFYWazblaUA,XFYWazblaUA
https://www.youtube.com/watch?v=nrXlY6gzTTM,nrXlY6gzTTM
https://www.youtube.com/watch?v=fm_zzAMuvyQ,fm_zzAMuvyQ
https://www.youtube.com/watch?v=yDEjsLFe_7w,yDEjsLFe_7w